nome;marca;fragrancia;link;descricao
LancÙme IdÙle Aura;LancÙme;baunilha;https://www.amobeleza.com.br/perfume-lancome-idole-aura-feminino-eau-de-parfum-50-ml/p;Id√¥le Aura √© uma fragr√¢ncia moderna que celebra a for√ßa e a feminilidade. Lan√ßado em 2019, √© uma evolu√ß√£o da linha Id√¥le da Lanc√¥me. Este perfume √© caracterizado por suas notas principais de rosa, jasmim e alm√≠scar branco. A rosa √© o cora√ß√£o da fragr√¢ncia, com tr√™s tipos diferentes de rosa sendo usadas para criar um aroma fresco e natural. As notas de jasmim acrescentam um toque de luminosidade e sofistica√ß√£o, enquanto o alm√≠scar branco proporciona uma base suave e sensual. A embalagem fina e elegante reflete a modernidade e o esp√≠rito independente da mulher que o usa.
Gabriela Sabatini Eau de Toilette;Gabriela Sabatini;floral;https://www.amobeleza.com.br/perfume-gabriela-sabatini-feminino-eau-de-toilette-30-ml/p;Lan√ßado em 1989, Gabriela Sabatini Eau de Toilette √© um perfume floral cl√°ssico que se tornou um √≠cone. Ele abre com notas frescas e vibrantes de c√≠tricos, seguidas por um cora√ß√£o floral de jasmim, flor de laranjeira e tuberosa. A base √© composta de uma mistura calorosa e sensual de s√¢ndalo, alm√≠scar e √¢mbar, criando um aroma sofisticado e atemporal. Este perfume √© ideal para mulheres que valorizam a eleg√¢ncia cl√°ssica e a feminilidade.
Antonio Banderas Her Secret Temptation;Antonio Banderas;floral;https://www.amobeleza.com.br/perfume-antonio-banderas-her-secret-temptation-feminino-eau-de-toilette-50-ml/p;Her Secret Temptation de Antonio Banderas √© uma fragr√¢ncia sedutora e intrigante, lan√ßada em 2017. Este perfume √© uma composi√ß√£o floral amadeirada que abre com notas frescas e c√≠tricas de n√©roli e pimenta rosa. O cora√ß√£o √© dominado por flores como rosa da Bulg√°ria e jasmim, proporcionando um toque feminino e rom√¢ntico. A base √© quente e sensual, com acordes de madeira de cedro, patchouli e alm√≠scar. √â uma fragr√¢ncia ideal para mulheres confiantes e charmosas.
Shakira Dance Midnight Muse;Shakira;amadeirado;https://www.amobeleza.com.br/perfume-shakira-dance-midnight-muse-feminino-eau-de-toilette-50-ml/p;Dance Midnight Muse de Shakira √© um perfume √¢mbar floral que reflete a confian√ßa e a energia da famosa cantora latina. Lan√ßado em 2019, ele possui uma abertura doce e envolvente com notas de flor de laranjeira e chantilly. O cora√ß√£o do perfume √© composto por acordes florais e frutados que evocam sensualidade e feminilidade, enquanto a base com tons de √¢mbar e baunilha confere um calor sedutor. O frasco, com seu design que lembra um corpo feminino em movimento, √© um reflexo do esp√≠rito vibrante e din√¢mico de Shakira.
Benetton Colors Purple;United Colors of Benetton;floral;https://www.amobeleza.com.br/perfume-benetton-colors-purple-feminino-eau-de-toilette-50-ml/p;Colors Purple de Benetton √© uma fragr√¢ncia alegre e vibrante, ideal para o ver√£o. Lan√ßado em 2017, este perfume combina notas frescas de bergamota e toranja na abertura, criando uma sensa√ß√£o revigorante. O cora√ß√£o floral √© dominado por jasmim e rosa, que acrescentam um toque de do√ßura e feminilidade. A base √© composta por patchouli e √¢mbar, que d√£o profundidade e calor √† fragr√¢ncia. √â perfeito para mulheres jovens e aventureiras que apreciam aromas frescos e energizantes.
Yves Saint Laurent Libre;Yves Saint Laurent;citrico;https://www.amobeleza.com.br/perfume-yves-saint-laurent-libre-feminino-eau-de-toilette-50-ml/p;Libre √© uma fragr√¢ncia inovadora da Yves Saint Laurent, lan√ßada em 2019. Este perfume √© uma mistura ousada de frescor e calor, com notas de topo de lavanda francesa e tangerina. O cora√ß√£o floral √© composto por flor de laranjeira e jasmim √°rabe, que conferem uma feminilidade moderna e sofisticada. A base de baunilha de Madagascar e √¢mbar gris proporciona um fundo sensual e duradouro. Libre √© um perfume para mulheres que celebram sua liberdade e ousadia.
Giorgio Armani My Way;Giorgio Armani;citrico;https://www.amobeleza.com.br/perfume-giorgio-armani-my-way-feminino-eau-de-parfum-30-ml/p;My Way de Giorgio Armani √© uma fragr√¢ncia que reflete a curiosidade e autenticidade da mulher moderna. Lan√ßado em 2020, ele abre com notas frescas de bergamota e flor de laranjeira do Egito. O cora√ß√£o floral √© dominado por jasmim da √çndia e tuberosa, que oferecem uma eleg√¢ncia atemporal. A base combina baunilha de Madagascar, madeira de cedro e alm√≠scar branco, criando uma assinatura calorosa e envolvente. O frasco, com detalhes azuis e dourados, simboliza o mundo e a jornada da vida.
Prada Paradoxe;LancÙme;floral;https://www.amobeleza.com.br/perfume-prada-paradoxe-feminino-eau-de-parfum-30-ml/p;Paradoxe de Prada √© uma fragr√¢ncia que desafia as conven√ß√µes, combinando contrastes em uma composi√ß√£o √∫nica. Lan√ßado em 2022, ele mistura notas florais e doces, como baunilha, tangerina e bergamota. O cora√ß√£o apresenta um buqu√™ floral inovador, enquanto a base √© suave e cremosa, com toques de √¢mbar e alm√≠scar. O frasco, com design angular e cor rosa coral, reflete a natureza paradoxal da fragr√¢ncia, sendo ao mesmo tempo tradicional e moderna.
Giorgio Armani SÏ Passione;Giorgio Armani;floral;https://www.amobeleza.com.br/perfume-giorgio-armani-si-passione-feminino-eau-de-parfum-30-ml/p;S√¨ Passione √© uma fragr√¢ncia intensa e sensual de Giorgio Armani, lan√ßada em 2017. Ela abre com notas vibrantes de pimenta rosa e p√™ra, seguidas por um cora√ß√£o floral de rosa e jasmim. A base √© rica em baunilha e cedro, criando um aroma envolvente e poderoso. S√¨ Passione √© um perfume para mulheres confiantes que n√£o t√™m medo de mostrar suas emo√ß√µes.
Calvin Klein Euphoria;Calvin Klein;ambar;https://www.amobeleza.com.br/perfume-calvin-klein-euphoria-feminino-eau-de-parfum-30-ml/p;Euphoria de Calvin Klein √© uma fragr√¢ncia ex√≥tica e cativante, lan√ßada em 2005. As notas de topo incluem rom√£ e caqui, que criam uma abertura suculenta e vibrante. O cora√ß√£o √© dominado por orqu√≠dea negra e l√≥tus, que oferecem um toque floral profundo e misterioso. A base √© quente e sensual, com √¢mbar, violeta e alm√≠scar. Euphoria √© uma fragr√¢ncia ideal para mulheres que gostam de aromas intensos e sedutores.
Jean Paul Gaultier Scandal;Jean Paul Gaultier;doce;https://www.amobeleza.com.br/perfume-jean-paul-gaultier-scandal-feminino-eau-de-parfum-50-ml/p;Scandal de Jean Paul Gaultier √© um perfume doce e provocante, lan√ßado em 2017. As notas de mel e laranja sangu√≠nea criam uma abertura doce e c√≠trica, enquanto o cora√ß√£o floral de gard√™nia e jasmim acrescenta um toque de eleg√¢ncia. A base √© rica e duradoura, com patchouli e caramelo, criando um aroma envolvente e viciante. O frasco, com pernas em alto relevo, √© um s√≠mbolo da ousadia e irrever√™ncia que definem a marca.
Montblanc Explorer;Montblanc;fresco;https://www.amobeleza.com.br/perfume-montblanc-explorer-masculino-eau-de-parfum-60-ml/p;Montblanc Explorer √© uma fragr√¢ncia masculina lan√ßada em 2019, inspirada pela aventura e pela explora√ß√£o. Ela combina notas de bergamota, vetiver do Haiti e patchouli da Indon√©sia, criando um aroma fresco, amadeirado e sofisticado. O perfume √© ideal para homens que buscam novas experi√™ncias e que t√™m um esp√≠rito aventureiro. O frasco, com detalhes de couro, reflete a eleg√¢ncia e o luxo da marca Montblanc.
